HotelID,HotelName,HotelCategory,City,Country,Address
21,Good Night Hotel and Residence,4 Star,Toronto,Canada,1 ABC City Center
22,Pink Hotel Toronto,3 Star,Toranto,CA,999 Kingsway Road
23,Tourist Inn,2 Star,Chicago,USA,ZZZ Broadway
24,City Center Hotel,4 Star,New York,US,SSS Avenue
25,Venus  Inn,3 Star,Adelaide,Australia,XXX Lake Avenue
26,Stoppage Inn Express & Suits,3,Reno,United States of America,11 Knowledge Villa
27,Beach Hotel,4,Miami,USA,12 BroadWay Drive
28,Traditional Hut Hotel,3 Star,Munnar,India,ZZZ Village Drive
29,Big Ocean Hotel,4 Star,Miami,US,AAA Beach Street
30,Entertainment Hotel,5 Star,Los Angeles,USA,BBB WestWood
