HotelID,HotelName,HotelCategory,City,Country,Address
41,Good Night Hotel and Residence,4 Star,Toronto,Canada,1 ABC City Center
42,Pink Hotel Toronto,3 Star,Toranto,CA,999 Kingsway Road
43,Tourist Inn,2 Star,Chicago,USA,ZZZ Broadway
44,City Center Hotel,4 Star,New York,US,SSS Avenue
45,Venus  Inn,3 Star,Adelaide,Australia,XXX Lake Avenue
46,Stoppage Inn Express & Suits,3,Reno,United States of America,11 Knowledge Villa
47,Beach Hotel,4,Miami,USA,12 BroadWay Drive
48,Traditional Hut Hotel,3 Star,Munnar,India,ZZZ Village Drive
49,Big Ocean Hotel,4 Star,Miami,US,AAA Beach Street
50,Entertainment Hotel,5 Star,Los Angeles,USA,BBB WestWood
